GEO.id,Id
GEO.id2,Id2
GEO.display-label,Geography
VD01,Total:
VD02,Europe:
VD03,Europe: - Northern Europe:
VD04,Europe: - Northern Europe: - United Kingdom
VD05,Europe: - Northern Europe: - Ireland
VD06,Europe: - Northern Europe: - Sweden
VD07,Europe: - Northern Europe: - Other Northern Europe
VD08,Europe: - Western Europe:
VD09,Europe: - Western Europe: - Austria
VD10,Europe: - Western Europe: - France
VD11,Europe: - Western Europe: - Germany
VD12,Europe: - Western Europe: - Netherlands
VD13,Europe: - Western Europe: - Other Western Europe
VD14,Europe: - Southern Europe:
VD15,Europe: - Southern Europe: - Greece
VD16,Europe: - Southern Europe: - Italy
VD17,Europe: - Southern Europe: - Portugal
VD18,Europe: - Southern Europe: - Spain
VD19,Europe: - Southern Europe: - Other Southern Europe
VD20,Europe: - Eastern Europe:
VD21,Europe: - Eastern Europe: - Czechoslovakia (includes Czech Republic and Slovakia)
VD22,Europe: - Eastern Europe: - Hungary
VD23,Europe: - Eastern Europe: - Poland
VD24,Europe: - Eastern Europe: - Romania
VD25,Europe: - Eastern Europe: - Belarus
VD26,Europe: - Eastern Europe: - Russia
VD27,Europe: - Eastern Europe: - Ukraine
VD28,Europe: - Eastern Europe: - Bosnia and Herzegovina
VD29,Europe: - Eastern Europe: - Yugoslavia
VD30,Europe: - Eastern Europe: - Other Eastern Europe
VD31,"Europe: - Europe, n.e.c."
VD32,Asia:
VD33,Asia: - Eastern Asia:
VD34,Asia: - Eastern Asia: - China:
VD35,"Asia: - Eastern Asia: - China: - China, excluding Hong Kong and Taiwan"
VD36,Asia: - Eastern Asia: - China: - Hong Kong
VD37,Asia: - Eastern Asia: - China: - Taiwan
VD38,Asia: - Eastern Asia: - Japan
VD39,Asia: - Eastern Asia: - Korea
VD40,Asia: - Eastern Asia: - Other Eastern Asia
VD41,Asia: - South Central Asia:
VD42,Asia: - South Central Asia: - Afghanistan
VD43,Asia: - South Central Asia: - Bangladesh
VD44,Asia: - South Central Asia: - India
VD45,Asia: - South Central Asia: - Iran
VD46,Asia: - South Central Asia: - Pakistan
VD47,Asia: - South Central Asia: - Other South Central Asia
VD48,Asia: - South Eastern Asia:
VD49,Asia: - South Eastern Asia: - Cambodia
VD50,Asia: - South Eastern Asia: - Indonesia
VD51,Asia: - South Eastern Asia: - Laos
VD52,Asia: - South Eastern Asia: - Malaysia
VD53,Asia: - South Eastern Asia: - Philippines
VD54,Asia: - South Eastern Asia: - Thailand
VD55,Asia: - South Eastern Asia: - Vietnam
VD56,Asia: - South Eastern Asia: - Other South Eastern Asia
VD57,Asia: - Western Asia:
VD58,Asia: - Western Asia: - Iraq
VD59,Asia: - Western Asia: - Israel
VD60,Asia: - Western Asia: - Jordan
VD61,Asia: - Western Asia: - Lebanon
VD62,Asia: - Western Asia: - Syria
VD63,Asia: - Western Asia: - Turkey
VD64,Asia: - Western Asia: - Armenia
VD65,Asia: - Western Asia: - Other Western Asia
VD66,"Asia: - Asia, n.e.c."
VD67,Africa:
VD68,Africa: - Eastern Africa:
VD69,Africa: - Eastern Africa: - Ethiopia
VD70,Africa: - Eastern Africa: - Other Eastern Africa
VD71,Africa: - Middle Africa
VD72,Africa: - Northern Africa:
VD73,Africa: - Northern Africa: - Egypt
VD74,Africa: - Northern Africa: - Other Northern Africa
VD75,Africa: - Southern Africa:
VD76,Africa: - Southern Africa: - South Africa
VD77,Africa: - Southern Africa: - Other Southern Africa
VD78,Africa: - Western Africa:
VD79,Africa: - Western Africa: - Ghana
VD80,Africa: - Western Africa: - Nigeria
VD81,Africa: - Western Africa: - Sierra Leone
VD82,Africa: - Western Africa: - Other Western Africa
VD83,"Africa: - Africa, n.e.c."
VD84,Oceania:
VD85,Oceania: - Australia and New Zealand Subregion:
VD86,Oceania: - Australia and New Zealand Subregion: - Australia
VD87,Oceania: - Australia and New Zealand Subregion: - Other Australian and New Zealand Subregion
VD88,Oceania: - Melanesia
VD89,Oceania: - Micronesia
VD90,Oceania: - Polynesia
VD91,"Oceania: - Oceania, n.e.c."
VD92,Americas:
VD93,Americas: - Latin America:
VD94,Americas: - Latin America: - Caribbean:
VD95,Americas: - Latin America: - Caribbean: - Barbados
VD96,Americas: - Latin America: - Caribbean: - Cuba
VD97,Americas: - Latin America: - Caribbean: - Dominican Republic
VD98,Americas: - Latin America: - Caribbean: - Haiti
VD99,Americas: - Latin America: - Caribbean: - Jamaica
VD100,Americas: - Latin America: - Caribbean: - Trinidad and Tobago
VD101,Americas: - Latin America: - Caribbean: - Other Caribbean
VD102,Americas: - Latin America: - Central America:
VD103,Americas: - Latin America: - Central America: - Mexico
VD104,Americas: - Latin America: - Central America: - Other Central America:
VD105,Americas: - Latin America: - Central America: - Other Central America: - Costa Rica
VD106,Americas: - Latin America: - Central America: - Other Central America: - El Salvador
VD107,Americas: - Latin America: - Central America: - Other Central America: - Guatemala
VD108,Americas: - Latin America: - Central America: - Other Central America: - Honduras
VD109,Americas: - Latin America: - Central America: - Other Central America: - Nicaragua
VD110,Americas: - Latin America: - Central America: - Other Central America: - Panama
VD111,Americas: - Latin America: - Central America: - Other Central America: - Other Central America
VD112,Americas: - Latin America: - South America:
VD113,Americas: - Latin America: - South America: - Argentina
VD114,Americas: - Latin America: - South America: - Bolivia
VD115,Americas: - Latin America: - South America: - Brazil
VD116,Americas: - Latin America: - South America: - Chile
VD117,Americas: - Latin America: - South America: - Colombia
VD118,Americas: - Latin America: - South America: - Ecuador
VD119,Americas: - Latin America: - South America: - Guyana
VD120,Americas: - Latin America: - South America: - Peru
VD121,Americas: - Latin America: - South America: - Venezuela
VD122,Americas: - Latin America: - South America: - Other South America
VD123,Americas: - Northern America:
VD124,Americas: - Northern America: - Canada
VD125,Americas: - Northern America: - Other Northern America
VD126,Born at sea
